obs_date,ConsSenti,SKH_log_price_obs,NVDA_ret_6m,TSM_ret_6m,USDKRW_ret_3m,IndProd_YoY,SKH_vol_60d,SKH_ret_1m,Oil_ret_6m,quarter_sin,ConsSenti_chg3,Oil_ret_3m,SKH_RSI_14,Samsung_ret_3m,SKH_52w_pct,SKH_ret_3m,WSTS_WW_YoY_mom_3_12,ASML_ret_6m,ASML_ret_3m,SKH_vs_ma60,SKH_ret_6m,SKH_ret_12m,SKH_price_obs,WSTS_WW_YoY,v2_pred_ww_yoy,TARGET_SKH_6M_RET
1999-07-22,107.3,,-1.2702306097339022,52.03760125075618,,4.826418688874012,,,,-2.4492935982947064e-16,1.5999999999999943,,,,,,,32.859157950050964,22.09148908307021,,,,,14.272008673411696,22.411821365356445,0.9708806810907245
1999-10-28,107.2,,13.887967072814188,59.12388627252434,,3.7444563415508494,,,,1.0,-0.0999999999999943,,,,,,,55.587003116785525,10.887108391995891,,,,,21.349124561767496,28.252758026123047,-37.28152999591321
2000-01-27,105.4,,96.80530036291564,133.13078449233632,,5.216917187508963,,,,1.2246467991473532e-16,-1.7999999999999972,,30.454547270982037,,,,,104.3886531274008,82.6329668852349,,,,-231045.8125,35.566306247313165,47.57638168334961,-30.769217243770985
2000-04-27,107.1,,323.2520475246604,56.17763975712329,,4.447293166354416,105.99740297288132,-35.40000097058679,,-1.0,1.6999999999999886,,76.77419310926732,-2.1739265280432463,95.45452629942156,-37.88462001448306,-26.114378761861737,68.90748043957014,-7.515338922512138,,,,-143514.984375,37.14121179655121,41.38651657104492,-47.12076046057904
2000-07-27,106.4,,174.0275317285196,-39.39705115492005,,4.574285752844154,92.97403197433916,-22.746752711645374,,-2.4492935982947064e-16,-0.6999999999999886,,83.5051888374285,15.3703492105969,70.03609040425309,11.455140953813723,-22.869203123139517,-4.294499332821456,3.482566246301233,,-30.76921568314509,,-159954.828125,59.32054907064097,17.225440979003906,-56.41961702848442
2000-10-26,106.8,,49.034517701739055,-38.969058348620464,,3.968806853188922,106.91528608513612,-44.00001429707289,,1.0,0.3999999999999915,,81.75926881660209,-55.877885422382,95.84793258191596,-53.96225481525801,-37.97142450887348,-26.83758501293363,-36.87313943633386,,-52.1568695824857,,-75889.640625,42.02910531261806,-2.15384292602539,-56.81314684542953
2001-01-25,98.4,,-19.75567688847556,-21.86236479889727,,0.7397718173229428,129.63468528496546,120.35027531933729,,1.2246467991473532e-16,-8.399999999999991,-10.922325770988994,39.24048770042802,41.744529739115,82.25158380051502,-12.547733593963017,-6.462799065304893,-34.293929655577614,14.861470364852725,,-57.01660913702453,-69.71247838942658,-69708.8984375,22.61517855795121,-10.392492294311523,-82.38719132239648
2001-04-26,91.5,,17.64717389550463,-11.610790310328722,,-1.122295725249156,88.58824133752367,-7.449849464007152,-15.733331750940394,-1.0,-6.900000000000006,-4.499664612797671,43.509609867725054,13.567845151304248,95.7953433662813,-45.34687069329453,14.5260332386,-1.8692043198085373,-5.829619134398079,,-56.81315199270651,-79.33805998465691,-32774.34375,-4.583875242077539,-11.009082794189451,-70.74303538411866
2001-07-26,92.6,,55.4735650213255,-9.647032006594324,,-3.342216371891737,87.7231169404069,-59.46397589008052,-10.241776608745734,-2.4492935982947064e-16,1.0999999999999943,-6.012661602356584,81.30310019038625,-19.690284691564365,99.68115019701918,-62.53869082523582,63.90442431271852,-31.65919160892142,-27.42855262674024,,-79.52622225673142,-92.55184846740757,-12277.6982421875,-33.94020928527125,-18.78726577758789,181.6454920440163
2001-10-25,81.8,,23.182900420652278,-9.024063727539556,,-4.55015745457048,131.81739469768462,6.179754200054743,-19.347748294289413,1.0,-10.799999999999995,-17.995528674541937,65.30611643631939,2.521034967474134,97.94493027473166,-17.826103039450036,75.96931459788931,-42.045469416473125,-18.006447239649603,,-70.74303785640255,-87.97054135741884,-9588.77734375,-40.89779646631394,-15.311100006103516,40.08908320781024
2002-01-24,88.8,,81.35111035533183,38.67785134508286,,-4.774776238202749,125.79358703733872,68.70831363611198,-25.04751154069188,1.2246467991473532e-16,7.0,-11.688314461572046,58.76288862694205,67.11594566085128,57.03608667613702,278.6567058838626,63.51297502426515,0.7423123651380648,26.4138618571095,,158.17486987349244,-50.39432958870589,-34579.56640625,-43.82225241706509,10.9237642288208,-80.00000028241018
2002-04-25,95.7,,-31.575726778307235,39.62268583351292,,-2.137490369440353,101.566080736081,-31.05800054932166,21.17219354362927,-1.0,6.900000000000006,33.350000381469734,70.45452288801658,27.86381051186204,86.35827368311556,-59.27418638527677,39.23837717498755,47.71243305923329,18.69748381266225,,40.08915248009248,-59.014169691612814,-13432.8369140625,-20.45496973281993,17.708498001098633,-46.03959471098283
2002-07-25,92.4,,-76.99708270027243,-45.301189420664045,,0.920910919642548,151.85977690781866,126.08700579671512,33.85000228881836,-2.4492935982947064e-16,-3.299999999999997,0.3749545601187121,44.80519483615564,-17.917693857194084,89.42148582192644,-48.514847994125866,-13.485239552451322,-42.226891810209885,-51.32743649311709,,-79.03225295483077,-40.7319838800737,-6915.91650390625,0.0335903697359363,24.642614364624023,-149.58781174113292
2002-10-24,86.1,,-67.7954838255476,-55.82722364456066,,2.146064440525741,113.81073395739485,26.74414712920663,6.696936955453059,1.0,-6.300000000000011,4.949757655995657,14.062539258843517,-0.2985232781512525,88.59504289104713,7.920779194815064,-40.93138683604988,-66.34947005734797,-43.98849105214821,,-49.53705189359121,-20.627706831320435,-7248.4111328125,14.93146538117356,10.175955772399902,-130.67251538018903
2003-01-23,86.7,8.140155803915222,-32.62508222037703,-23.43604266014353,,2.880394484854265,424.5337226744402,-181.8592604748349,22.57696942087284,1.2246467991473532e-16,0.6000000000000085,14.44286604239917,32.00001298493666,-3.658517619483748,98.60499486198655,-149.11556544398928,-58.75371779823865,-37.37607462704382,2.114373785923096,,-146.04584944622525,-109.84185861569804,3429.4521484375,19.96652916311683,4.029507637023926,39.18130178674044
2003-04-24,77.6,7.706734372863631,34.511920548902395,0.9126623573799232,,2.1709435832793167,93.15713338275806,19.20123969622285,-5.531919613779501,-1.0,-9.100000000000009,-19.95192197476614,71.19672655072884,-5.75077992758628,90.4679780400892,-32.81385671035929,-40.42149889593676,5.012835801460303,5.2834659810247375,-0.8792351530705234,-130.67251538018903,-115.47825551923503,2223.27001953125,9.5622327672219,8.910341262817383,83.76289763569243
2003-07-24,89.7,8.470762643505179,103.83481873789032,37.581346486661445,,-0.0588714540698087,103.51359587985034,38.60230086948471,-9.194710270981066,-2.4492935982947064e-16,12.100000000000009,13.438438459939084,61.31869053877426,37.79658734536182,94.18475380349072,114.6907148004165,-9.528642397485964,66.23706671096076,57.894751243202535,49.74607173266885,44.24241127536168,-171.06695819225058,4773.154296875,11.157470040755136,24.92630958557129,2.5729838131779648
2003-10-23,87.7,8.31521063323418,18.413843498140597,37.45454368903756,,0.9407289987876988,55.75862846144519,-0.6963670114657594,13.69605880216358,1.0,-2.0,2.1233540921692384,55.31140224652606,10.904607157298996,88.86245749447367,-16.018826513575025,3.773995340418424,87.89342812599837,19.6607699117034,-9.308668683438537,84.23781198389395,-158.51193959377855,4085.5458984375,21.131774458107746,34.54583740234375,97.56793105265716
2004-01-22,92.6,8.49616694275381,10.94368062712887,14.777316573697629,,1.9841883950955763,76.20149748816449,46.05691986558078,15.700562064485313,1.2246467991473532e-16,4.899999999999992,16.744653128698793,77.7776955235222,11.914955396535287,82.68397605942313,13.92436430567865,-1.1652452949909105,68.78568715228978,30.662482825992644,23.4829457888744,-2.684183943637042,40.30097659980396,4895.96630859375,27.35960024096864,36.54042434692383,45.94590713159676
2004-04-22,95.8,8.996123049602176,31.826105383699232,0.9336600992876144,-2.3911680989570194,1.626375894029275,67.53951570040498,1.6666704592272152,22.69384689460121,-1.0,3.200000000000003,5.095902558675669,46.53465896370046,17.870700612192515,84.7061541206319,64.86489047155868,-17.79736747374674,5.110380681334092,-19.55580637380594,14.755128751989163,87.82127843297658,240.25585514824508,8071.7294921875,31.61440286584496,19.32179069519043,6.147566816999284
2004-07-22,95.6,8.874233420192839,-36.40953722371597,-26.69014914401,0.1725178914657732,2.447031362551799,78.99424944056366,-1.369850826603447,18.40824577440101,-2.4492935982947064e-16,-0.2000000000000028,12.66685274270609,33.333295486521706,-32.66130645586481,67.48822306144571,-11.475393175762584,-20.456932825089822,-28.392110765107525,-10.984390535831457,-5.008999395239744,45.94599608115697,42.02853708796541,7145.466796875,40.49518756626338,10.717317581176758,25.41154072971612
2004-10-28,94.2,9.055782659452564,-33.19730721419305,-16.30701793292777,-4.141001231356023,2.448803847620762,52.48169616368662,24.51920661462928,35.931658871961616,1.0,-1.3999999999999917,18.69463020468296,38.0530573495673,3.900705441456576,85.55054522229469,25.72812921826568,-19.36341310815564,-11.339565121242432,4.1727757095676665,17.4549655438603,15.111074695245463,96.7443651309062,8567.9404296875,23.202669645095632,12.340409278869627,0.4563021245734155
2005-01-27,97.1,9.100663370523536,56.06333184905894,19.270020695231004,-8.25597982723848,3.551152067738861,52.08322040822444,24.260938756397344,16.73040146862197,1.2246467991473532e-16,2.8999999999999915,-6.900493700077526,60.67413189394285,14.685278862047646,86.13358372305105,13.818842544505827,4.156930595873007,15.451305115879332,14.62363685007979,13.669532124733651,27.777779324972546,71.01570278622769,8961.2353515625,13.331426063420547,25.38623809814453,85.77081017132602
2005-04-28,92.6,9.060335416174397,47.31815912503316,14.381742277378764,-2.168393482294173,4.168552298887196,40.95072600037245,-6.538484133631128,1.6692897081381997,-1.0,-4.5,9.7286988615902,28.767166229874604,-5.930477945547496,50.80950218636884,-3.5714617847910746,18.28297680242441,1.897396055737799,-9.204759169999566,-11.222071135412593,0.4563136264583711,15.63634221464254,8607.037109375,6.819596641374193,-1.7879703044891355,61.31685926091326
2005-07-28,96.0,9.720006769411384,19.18685084783547,14.848940477172956,2.605828296937496,4.634708358906448,49.94631685051451,43.29266862672956,27.045354470108805,-2.4492935982947064e-16,3.4000000000000057,15.781336868271367,71.23286964152064,21.73915454189161,99.9999999999909,93.4156575639982,33.67559092488919,11.145926560596545,22.41382427598768,36.89985537702916,86.50789126829766,144.28754170930836,16647.357421875,-2.2309136055320145,14.056581497192385,60.2681731303842
2005-10-27,76.9,9.538535914797038,45.39965053288994,-1.6627623276987746,-3.2861099919061942,1.6574450087309731,49.13365285492026,-18.333333907729266,18.368532125796765,1.0,-19.099999999999994,3.349686215177572,36.19048206729007,1.2703894120899673,66.71125593852193,-14.596949145130644,25.43358325062765,11.569123115383364,-3.949632384974244,-12.62027306059551,59.34959103570255,76.35175848980215,13884.6044921875,8.110591181587523,13.740337371826172,77.2563246975594
2006-01-26,91.5,10.191685605128509,71.15384006504941,20.59834494867241,-8.39063759178008,2.62590737571502,64.81312733320975,11.264527721282793,11.925677841731952,1.2246467991473532e-16,14.599999999999994,9.231787508910228,54.2635685858779,27.353448100922066,94.50620672481293,79.3478196651383,5.220834881833024,31.07344918188486,35.593227586328126,29.180975256417696,66.28274193831105,193.0975830099104,26680.4296875,12.24208994197138,10.235904693603516,-13.46935106325038
2006-04-27,88.9,10.1109621881711,85.50120351629045,37.9844973662336,-4.076673295357558,2.091541760329152,47.16733660853857,23.27265441779478,16.17286142320742,-1.0,-2.5999999999999943,4.737306645916273,69.73676804841347,-7.777772601660715,83.70799524334728,-9.358319389290482,-5.4224933005971865,26.042910522891184,-10.267299008410802,9.006107660488038,77.2562559630211,182.4571189622722,24611.330078125,12.387397393835164,9.961636543273926,4.867254635642149
2006-07-27,84.9,10.047013462073492,-11.178556699498788,-16.72823731304618,1.6415507973686516,1.980338625144462,36.24303295690524,7.796569177975576,10.005901070761158,-2.4492935982947064e-16,-4.0,5.030293974100686,60.8333150246629,-8.957694915553894,67.44758049397575,-6.194690405944736,-14.61831099936718,-18.879934622917784,-9.598101382587664,2.1768593243586265,-14.973290881869172,42.00458868024626,23086.734375,13.484993184068038,11.595664978027344,8.233748536007045
2006-10-26,85.4,10.158487855408987,17.868294934398588,1.2546229850016966,-0.0107163009788968,4.215927513496776,30.63666052896683,-1.7955637587887765,-16.085082226798896,1.0,0.5,-18.366244769624075,42.22226739220284,5.008291827572875,78.71419320190383,11.792511730559552,-5.374402002480515,7.242989855432502,20.66243205245657,-0.910498404821336,6.75679070982278,73.49161979267392,25809.240234375,10.004476420575426,13.118990898132324,-7.217309877581368
2007-01-25,91.7,10.126137075588469,56.69128089925779,28.09521799776737,-1.175843340565974,2.1707334984272686,29.65323008456024,-4.921714505139407,-26.467797230866,1.2246467991473532e-16,6.299999999999997,-11.6775273704522,26.666732456608088,-2.718708605313669,57.85547091125848,-2.635520512390233,2.2376135213959536,30.56424508282238,10.918800934386974,-3.5607360627770035,7.22226417317644,1.2304229052058524,24987.65234375,5.859381284177045,4.235054969787598,11.30952599624424
2007-04-26,88.4,10.083577454372838,-0.9455801775428264,10.521020060273624,-0.1130623897628524,2.530803511580016,21.144434095512167,-1.8292640938882052,7.786608516760274,-1.0,-3.299999999999997,17.394441912937886,36.36375574053669,-1.3605449787139068,45.50754909983157,-2.571840764510891,6.528016109658121,19.956437988687917,8.59958421731779,-0.4508430273629682,-7.21733850922911,-0.9482082572943916,23946.5,2.8866873922945624,5.003663063049316,-28.571443718660305
2007-07-26,85.3,10.233281568416215,40.95953882330048,-2.4233497613480703,-1.252654081478899,2.7140344521729087,36.57475603223367,9.838456116773276,35.23998452645303,-2.4492935982947064e-16,-3.1000000000000085,15.201352229903463,58.42696496589365,8.02397428534709,83.5615971809554,16.149052314534472,10.598305791773477,18.3826146657192,9.008349819115914,12.627989249869543,13.161883639516205,20.47452169163704,27813.6328125,-1.1778085921499315,6.666522026062012,-27.82684608540145
2007-10-25,83.4,9.74710520143922,57.20336224138103,-6.794864520605303,0.2083565779537055,2.7901202497425004,37.215737866140266,-21.232854411712854,37.39368790397901,1.0,-1.8999999999999917,19.21455239694008,1.5151358393532632,-21.75927922795593,0.0,-39.94774968727847,11.182285012725355,22.129001371699864,10.634499013923948,-28.477017275366023,-28.57142973660034,-33.351697129030214,17104.642578125,1.7601559639809805,4.343160629272461,28.15149991276125
2008-01-24,75.5,9.90717965411438,-12.502893854092337,-20.27525502787948,3.386773028442392,2.2029778334589523,47.71779189343862,4.826278808193152,21.54704544530526,1.2246467991473532e-16,-7.900000000000006,2.652129998227992,60.11903844171376,9.811899401421776,26.902759718710463,11.081369211524672,4.099225320196065,-8.43263968112684,-19.75410709060279,9.210438466704506,-30.787784241163617,-20.375315804588865,20073.978515625,1.428270704062884,1.4093568325042725,-8.429125670432846
2008-04-24,69.5,9.995148058358282,-47.52762431317571,9.826000631112809,5.12674140067686,0.5734255066876637,41.27307828623563,9.40497758619092,33.24913845214035,-1.0,-6.0,29.806501291732125,51.72410048872719,18.884864299677684,41.76552235622813,9.195362038288655,1.4584166882316785,-17.1286085765471,3.271816686020368,9.816001002512408,21.295703267612478,-7.16583089735593,21919.853515625,6.037115755632971,-3.2313735485076904,-63.50876528617884
2008-07-24,56.4,9.819122635069895,-57.36371542306322,19.787243088136908,0.9632743299831104,-1.724935725071297,41.28126325523199,-12.93258412725784,40.35341989025141,-2.4492935982947064e-16,-13.1,8.125108136776383,53.64236806815228,-7.040519958547442,14.009868309222751,-16.14033368187462,-7.214924347782903,-21.168731784933737,-23.666232719872905,-12.776365181564076,-8.429133759822193,-36.62177448561267,18381.916015625,12.25746497377942,-16.447471618652344,-66.23214957382108
2008-10-23,70.3,8.987050020336552,-68.00391409997577,-31.407647191688906,38.56817413446301,-8.130031129578574,104.7600663828801,-48.00000114274584,-42.65427338306177,1.0,13.9,-45.48377128983606,25.97763826555133,-19.505969412283253,0.0,-55.26880285849847,-10.49730900979844,-48.2360826936884,-33.82476693617576,-45.97869532332825,-64.07598527039508,-57.23365163575015,7998.82568359375,1.2209309876751506,-15.137533187866213,65.54210780709131
2009-01-22,60.1,8.733461521845117,-34.79787120377905,-24.89919832408249,-3.703449683019433,-11.276192783181926,105.50269831377304,-1.6989398241850528,-65.86948088274632,1.2246467991473532e-16,-10.199999999999996,-34.57678176937032,52.74725133565094,-8.245871030517637,8.673886912160327,-33.84822646437494,0.2073397163877288,-31.33619267390916,9.259261902125072,0.2831442547527762,-65.51061858365274,-67.7179346221274,6207.17724609375,-32.21685763855985,-4.365261554718018,120.7267780595784
2009-04-23,57.3,9.491105289847027,70.79510502483795,32.13260909360385,-3.179907655857439,-14.656035046526473,81.25422988783568,60.42507290533807,-26.85730894686009,-1.0,-2.8000000000000043,6.778561713870301,69.93865109868793,41.85523049347619,44.399907062625495,126.10554235696624,38.253973394192826,35.58529902463059,27.560550798964844,49.87707739557041,65.54208549289615,-40.53063682383684,13241.4228515625,-31.575447945692115,8.657221794128418,18.611980425419805
2009-07-23,70.8,9.52521704543178,68.6122126756888,40.87838878487147,-5.848830341027078,-15.282480369076357,58.25585235832599,21.933058394825423,44.5233524809733,-2.4492935982947064e-16,13.5,35.34866003181989,62.6086866364787,8.224731063479783,66.2813841414042,3.4700233796685964,43.83291291947154,53.29807037684591,20.176707780482484,16.560045413060465,133.95145753947943,-23.381527279113847,13700.9033203125,-23.25165470115693,34.45723342895508,46.54285429991352
2009-10-22,73.5,9.661792612284806,18.678417472146936,15.85607466303136,-5.311925769082448,-6.805879122929537,44.48215442915178,-14.73920661743765,66.20267139704761,1.0,2.700000000000003,24.14373172343003,42.60867779751101,5.52327569935096,79.07367370919727,10.914481293435951,24.47258568883208,53.9460870563564,26.570845309600788,-5.4880579495556026,12.91292252684575,67.38269732611994,15705.9140625,-7.385481718980625,43.56564331054688,55.46062493747223
2010-01-28,72.5,9.907364694666224,23.389563194876285,-1.855411216413028,-2.7001941320755285,-2.704223119324234,43.65166301134232,8.256858609080076,9.534427655288468,1.2246467991473532e-16,-1.0,-4.931577252742258,42.85708038708944,13.301963512191328,86.38490682101286,35.77982220914293,-24.83137591957923,31.034522486520544,19.68504910762121,10.895322257973897,35.39733088980679,198.1764868572552,20077.693359375,47.8483150953319,37.394287109375,-4.237289537061062
2010-04-22,73.6,10.103015452144977,23.756546033257987,7.760286493427237,-3.864146376081068,4.200672107537207,38.840651212746266,16.19439648165397,3.0915068744422847,-1.0,1.0999999999999943,12.288698578224366,53.038713135586654,1.939416232346569,97.75375172426574,9.961720468734493,-79.42376304102402,16.741887154644907,13.393803847937004,18.143488639361596,55.46070921731812,75.53523015823535,24416.525390625,54.97249355391078,25.934749603271484,-20.3832575209449
2010-07-22,76.0,9.864067874278104,-35.96598630201775,7.995436931682254,8.399430001156238,8.551328146848402,44.38783000983372,-16.91177376682178,6.385835897191305,-2.4492935982947064e-16,2.4000000000000057,-5.256862672534157,34.659070453503105,-3.3165906879000677,50.170907649674746,-21.25438385775643,-78.22414825506772,0.5579489944748106,-11.319714497518142,-12.496381106515951,-13.409965696283466,35.77983688673649,19226.943359375,38.066448860140746,10.015130996704102,25.465424039243437
2010-10-28,68.2,9.875069089118863,-25.43313071990093,7.5777216132661085,-4.471064527453306,6.346682104150392,39.60465037383469,7.025763692758336,-1.24970067324226,1.0,-7.799999999999997,6.741138570479932,44.96123010117368,-8.721615055755006,46.66742023917688,-1.0822711096185822,-45.45193057912137,0.6359893476015177,3.778949631689765,3.0245991607203315,-16.75775029025378,31.464784059211848,19439.630859375,18.717144197378,14.09016227722168,52.2351647106246
2011-01-27,74.5,10.090927984204496,133.9387217247844,27.490447307291888,-0.7657355331568527,5.996200467756596,34.23409995793371,22.749706842255545,10.50322501890122,1.2246467991473532e-16,6.299999999999997,4.515495286795956,64.17915750416267,32.712743221164885,91.53617520061326,23.821746903444275,29.1311708979539,34.251736686906085,27.58107716833107,13.485305595752315,20.66035691683905,21.9577683232703,24123.16796875,13.118608143922138,8.732529640197754,-15.892877543070991
2011-04-28,67.5,10.295325201130414,61.90862747178228,24.628257306767143,-3.673032682269717,4.193025357503588,44.00346906347003,11.16502539419959,37.33268458413905,-1.0,-7.0,26.326399414106195,62.55141122806481,-10.891041612284702,84.36969367224079,16.44067118004433,41.85388540998864,26.27678962743516,-0.2809155610473679,12.472360921742752,52.235139817369294,26.72395523275586,29593.94921875,6.519331809809459,1.580087423324585,-30.71325530589609
2011-07-28,71.5,9.917848970976674,-41.79293683348534,-2.1404979907786226,-1.6542010441004673,2.3688810428642126,50.95021567002842,-7.827801498836506,9.066494778979829,-2.4492935982947064e-16,4.0,-13.6629435455904,30.57324399300664,-6.944089742982307,20.668956818499797,-31.441050225242677,31.547117050331288,-13.958893764835445,-13.716510014852425,-15.543480392812793,-20.169498728283088,3.241237890440951,20289.30078125,1.3048094115377884,-0.462567389011383,14.862012594769292
2011-10-27,59.5,9.928408702272092,-20.9844552071471,1.5529412899922823,7.86033563919637,2.412383799676609,79.3343650755322,11.999982504001672,-16.672581319255986,1.0,-12.0,-3.531829966647637,67.16412254291919,9.349184002213471,38.31773314918775,0.0,17.41233478584021,3.597837152279171,16.724862026929866,14.519408047555537,-29.79350123047293,5.2484477747235525,20504.685546875,2.197226049295864,-10.292976379394531,14.28569931744843
2012-01-26,69.9,10.056410302426622,2.1527462055549678,10.310086384110395,-1.1846896563781573,2.859134467066693,42.016693501348136,25.231460830763176,0.1104534736384055,1.2246467991473532e-16,10.400000000000006,10.532151132389966,76.22953043430432,19.722809017048597,53.504667872699926,12.008293040282036,10.921382094626276,13.767496978977078,4.702706823054803,16.70382116257536,10.408197369636142,-4.078009010327843,23304.69921875,-4.538123148935346,2.722245454788208,-24.58408083267809
2012-04-26,76.2,10.061940237775532,-10.46506430262616,29.14285081597028,1.7178199947183392,2.8286925428470555,37.93178852082717,-10.231018262540958,15.9090982139942,-1.0,6.299999999999997,4.86460005212781,35.02831704122589,20.39531508311452,61.05264074747088,0.554525366480707,11.057454958744804,25.58478440600977,19.944162110579637,-5.094210008742317,12.629407437752448,-21.726629180622385,23433.9296875,-7.212878542533307,2.780643939971924,-10.6617416937965
2012-07-26,73.2,9.774258165323753,-10.604997953471909,-2.7323838036763526,0.9939244010163772,3.7105509068513065,49.05129110756509,-11.688320227682569,-10.341020936987633,-2.4492935982947064e-16,-3.0,-14.500242199518986,23.529435297686817,-12.499834617826057,32.107028482929174,-25.0,8.517687954071096,34.53782162041883,12.167044442217144,-13.052744805589532,-24.58410597513947,-16.734670876956358,17575.447265625,-3.962518000220694,4.86466646194458,18.872501953630284
2012-10-25,78.3,9.949199602472524,-6.880697421296067,6.867432401015794,-3.936592326601573,2.2951570495009843,33.063875708702554,6.113516497310667,-17.35497427790589,1.0,5.099999999999994,-3.2820030671932066,60.19413543876361,14.162363756936136,39.32042456956588,19.11764558801124,6.159744049516558,11.06868917514512,-0.4398260106242224,7.73664079184555,-10.166362638436487,2.748443741324369,20935.458984375,-5.861506528588745,3.1333179473876958,21.399143592049107
2013-01-24,72.9,9.947140006274644,-4.449797017571122,37.95510017993089,-3.2834422831632626,2.0268355938483085,30.42736851485629,-3.578525458001736,8.418075647731293,1.2246467991473532e-16,-5.399999999999992,11.921139847339134,31.57901853930305,12.342398397947196,38.83501983635256,1.0416826065953844,1.3233833796533985,18.751552919990733,20.294363534337133,-5.497997936193933,16.586549229635562,-10.018536504447296,20892.384765625,0.4003932813670507,0.9862188696861268,17.938170679184683
2013-04-25,78.6,10.143113504086926,11.987403416861664,21.52147901460455,4.436946567188271,2.534732272069462,25.403692416192943,1.5490441286929224,8.820448656260194,-1.0,5.699999999999989,-2.336251489295571,58.40708142142017,5.434026544092796,99.99999999998744,21.90080306544937,-7.613271823900359,25.33080507527279,1.0129862370398035,7.458330933368518,21.399175572618788,9.057295143834152,25415.474609375,-0.7218588410459081,4.466291427612305,12.203403715225768
2013-07-25,84.1,10.112129984630746,16.199581441553313,-0.5116178346699973,-0.0627365064540752,1.7645800035426706,35.20532977737287,-3.050844930765062,10.022946272048404,-2.4492935982947064e-16,5.5,12.654846808372657,51.785745370518434,-11.946358663498236,66.93880693301925,-3.050844930765062,-3.2406591591747858,22.26431498170043,21.03821452698336,-4.864864737143481,18.18179859456521,40.19607875821973,24640.087890625,1.81263424208622,16.088298797607422,23.776204098265595
2013-10-24,77.5,10.258256433042678,16.36352229193698,4.127023627545312,-5.312196204808672,2.854766330187619,31.94433072631598,8.52457437222538,6.212403244249187,1.0,-6.599999999999994,-7.85653176510992,62.91389933067477,10.190125453095655,86.23852142472347,15.936944189973556,-7.674140770674963,29.1632790469494,6.42460370773974,11.798703275120449,13.74567914180127,37.91665556775335,28517.021484375,5.781971449032075,12.360601425170898,23.564959172895406
2014-01-23,82.5,10.325435022456949,13.564002248162744,5.734765253924001,0.898770104068114,2.245344069429267,33.62122921334672,-4.324337340184858,-9.241819781654035,1.2246467991473532e-16,5.0,0.4749112962771251,44.70589082479228,-9.025091098386262,76.47056121591882,8.923078532789708,-5.381578167665025,-0.2032457575162904,-5.282908609848902,0.9145881705522108,25.53190976230861,43.610517278721495,30498.568359375,9.05458307205449,11.225635528564451,34.32204941983705
2014-04-24,80.0,10.469853165313426,26.3920776771736,10.06423498205744,-3.17889224742528,2.724108069090181,25.83287752950713,7.208360668206937,4.973742972605666,-1.0,-2.5,5.484274715677939,79.20022779125905,7.651075865010193,99.9999999999921,13.927555265046854,-9.7764419131004,-10.543111600465538,-3.9045420484484783,7.072714796873325,23.56494870285461,40.54979008328034,35237.04296875,7.069032761682359,17.453283309936523,11.246950758174124
2014-07-24,82.5,10.620505170903122,17.45216254026536,21.57138960403253,-1.5116456326717764,3.365841732090935,31.269205634863408,-5.46719417582583,5.618791742001417,-2.4492935982947064e-16,2.5,0.1275232983172447,38.0753187288333,-3.659453880896102,83.07393830162111,16.259201215695086,-5.25639851959614,-0.0127434312978902,4.049929830307608,2.9425130624616718,32.45126571571304,66.54993870332784,40966.3046875,11.636758819943282,6.747827529907227,-0.5217130618208166
2014-10-23,84.6,10.576435513495689,-3.323587024504393,6.709072977669295,2.8945801185822573,2.89843352202952,38.015589762990224,7.058813865194624,-19.075321015190795,1.0,2.0999999999999943,-20.393721730567403,46.66667338373148,-18.236198757135323,68.627427883193,-7.987860366710453,-5.854787370911207,15.745773709138277,7.986649464229667,1.6201612369793672,11.656424038358626,39.99999999999999,39200.13671875,8.289411010653168,1.6723078489303589,1.3059581951079036
2015-01-22,93.6,10.615274287686074,12.77271806749174,14.485711901141652,2.637325630585652,3.170492700276073,30.939229165772097,-1.964928364306584,-55.65025647830007,1.2246467991473532e-16,9.0,-42.48633469450253,46.37682673415148,26.645487443046516,72.38392967769805,2.1640028210838658,0.7651720614013211,23.422813584812214,16.753448025336425,-1.2749575157973925,-7.251130772178915,30.308339868947964,40752.57421875,7.6401511865542115,5.9556756019592285,-17.02127741151346
2015-04-23,93.0,10.589410852020425,22.471006069716527,14.084478426481862,-0.1567208673733611,-0.002747948362114,27.52358372241345,-4.880590512960037,-29.662560294432005,-1.0,-0.5999999999999943,26.65058452558311,59.63858233696419,4.689775361099002,52.41163579008757,-3.5789425763101845,-0.5711184248718526,15.664615777793657,3.2095929825420644,-0.1054190127721343,1.3059883500486036,13.114643928380442,39712.0859375,6.023129440635366,11.048068046569824,-30.240172105997733
2015-07-23,96.1,10.42868830261248,-4.312087617531479,-4.046728922936693,6.697140285953362,-2.106390227283794,32.286726618162625,-11.664778919269716,6.2733068672499614,-2.4492935982947064e-16,3.0999999999999943,-16.0893672418993,34.199162566283846,-14.88859520676722,8.61421742220312,-14.847170463494365,5.613629379307914,-2.481930073416694,-5.514529116417977,-12.595254234262589,-17.894741334709195,-20.62580543120225,33815.96484375,-1.6517657032963595,-3.844860792160034,-27.936494038042305
2015-10-22,87.2,10.22929902115412,28.424481105742476,-2.577455305441989,-0.7690517065480185,-2.2407414414912674,46.54212675518406,-8.45273468493114,-19.19515457369365,1.0,-8.899999999999991,-7.74547197593336,42.00912537516688,2.1548243915111787,4.466524680239633,-16.36125270083855,9.941176713949528,-13.724115395203018,-8.449038883537519,-9.44946129404023,-29.392261810535626,-30.550204383647817,27703.083984375,-2.6196090635771885,4.694204807281494,-11.239802489809447
2016-01-28,92.6,10.101066149943394,43.30961732841428,-1.142603220917893,6.407297307654392,-4.496144811599123,37.493279386426906,-9.04605309917983,-30.7628146360029,1.2246467991473532e-16,5.399999999999992,-27.688284253910712,38.15031404453908,-11.056659669844016,4.417067680254538,-10.636645668011148,10.2597602501314,-9.356065933712443,-3.781868919161668,-7.324339516422295,-24.24588722888897,-42.876473904028536,24368.9765625,-8.962822744530497,-1.9053434133529663,21.338169037632216
2016-04-28,91.0,10.11006693801014,27.205592877879536,9.420285525440477,-5.020392765977721,-3.515311400177057,32.599983233783554,-2.2767302461368377,0.1959080437054394,-1.0,-1.5999999999999943,38.56109900023241,58.62062246105034,10.480365442250772,5.468725601361639,0.9041416965538618,14.985952185165864,5.003190320170825,9.130357387581832,-3.660228850190128,-9.828674320056464,-39.59769458699082,24589.306640625,-7.892087288210769,5.295035362243652,54.12186095233527
2016-07-28,93.5,10.294477170486047,101.53679092976216,34.98013215005822,-1.487647423523919,-1.678117946525337,32.80465434079953,7.704638349013293,23.8410532146804,-2.4492935982947064e-16,2.5,-10.62350536460982,71.92980205264341,19.21562244310373,69.69019149957902,20.25090301813581,6.24032158491441,24.026974620849305,13.650296388530482,12.966129610798372,21.33814157280533,-8.081367398566709,29568.86328125,-3.340027251941313,10.774568557739258,60.98322909991829
2016-10-27,91.2,10.542640631982314,90.28170569245816,26.435310264005007,0.2450228819287359,-1.9939516469206888,30.64827836934689,4.495776660055539,9.684533889961,1.0,-2.299999999999997,18.606878321707843,54.25537332236917,3.0124238365869527,99.99999999999342,28.5501147068278,0.7204181883641247,6.093266134043529,-5.029185894674482,12.76965250269404,47.51290142355267,35.94786939716248,37897.5078125,3.495189008271105,21.486818313598636,26.311329078435254
2017-01-26,98.2,10.77060732509133,94.2725431725273,9.812930848833656,2.848289334431908,-0.0204964171657051,28.080431534509064,18.312994634094192,25.302891597533428,1.2246467991473532e-16,7.0,9.353392528623017,72.64962600974378,29.289681487109664,99.99999999999598,25.89715594205222,-12.4580117528016,11.363431745466237,16.63939383819606,18.48527543583456,68.51754754555488,93.931343618974,47600.91796875,17.781015754795714,16.589752197265625,28.330215231883194
2017-04-27,96.9,10.77622004653302,49.87508553104512,7.312317235147137,-3.3203203001753168,0.7162067590550603,34.11805698986832,5.719928812758912,-1.508447267872759,-1.0,-1.2999999999999972,-7.89918580568102,74.35906350569088,10.2440777021344,96.57400550314212,0.5628502273336222,-25.67310304300648,27.775087852407964,9.181238860516672,7.085780736577929,26.31131334699821,86.32548314435218,47868.83984375,21.87856709938991,25.7911319732666,46.82838570436043
2017-07-27,95.0,11.020043869417185,45.0431396511624,19.54834147458584,-1.7626853137923004,1.480330854653911,30.97853225040626,-1.1560515711800168,-7.767533187221643,-2.4492935982947064e-16,-1.9000000000000057,0.1429440332433973,55.84417391818054,13.92932891099683,88.4970218954318,27.611948763315898,-25.218594351331223,27.0932459886853,16.405755526415966,9.964905875792262,28.3302129070351,107.2077811430296,61086.359375,24.216960190984604,28.135595321655277,12.336768126730435
2017-10-26,95.1,11.160314017229563,88.49122408628729,28.91638807852115,0.645972314412746,1.0630336308315114,35.03143511400787,-8.806511003399908,6.086256595670903,1.0,0.0999999999999943,7.979485927483965,42.049450522275855,5.422015664127211,79.18800920106679,17.814359759625,-20.7217711827135,35.577089087578884,15.071487002655948,6.210332712528754,46.55492643528272,85.89314941175911,70285.0234375,19.364559843307184,15.195101737976074,11.41666995498798
2018-01-25,95.9,11.136374723647736,43.16443020415734,24.930732090842422,-5.782793869698022,2.467143465957866,37.69976087659111,0.1803633430609075,36.79265602661636,1.2246467991473532e-16,0.8000000000000114,25.546189637972216,42.08132233728504,-5.913913389488068,71.55071394074139,-5.950623298543545,-1.58354408851147,31.493469217378166,13.23295133549587,-2.843167875279451,9.145387810237724,48.62348499762818,68622.4296875,22.26850670505933,21.897634506225582,9.63060779136562
2018-04-26,101.4,11.268421010378216,15.241701067393551,-7.354393972392681,1.5287991316408125,3.224806264183644,37.04945517931984,2.9762226416963022,29.540279696157626,-1.0,5.5,3.0994905816081,64.76180809450173,3.43002893907538,88.896018598844,14.56953089808113,-0.3899396056694186,10.043832913233697,-5.244314063421185,6.952976596647309,11.416694723927122,63.28665498927491,78309.25,20.252390006311405,13.58608055114746,-25.20230787710264
2018-07-26,98.2,11.228321151355912,4.860118613263964,-7.452031871999754,3.198382738066008,2.8410387544831828,38.94892366114366,-1.423492790404568,5.246448824803318,-2.4492935982947064e-16,-3.200000000000003,2.082414016872169,45.86471165896544,-9.380834414096215,64.8715674487517,-3.930649955145782,3.9645701846732,5.839431421203578,11.697182469918754,-4.836443372961563,10.06620368322495,26.10530317529713,75231.1875,18.78502486990019,-2.6437642574310303,-12.990860569081164
2018-10-25,100.1,10.978037854922604,-3.959075985199512,1.539174093481055,0.8493127795600408,4.313826088176409,33.43663838765696,-15.64536602533494,-1.058047301122822,1.0,1.8999999999999917,-2.8427144790048486,36.815948593144334,-10.490763625355882,0.0,-19.62731171418601,0.579534973406993,-11.020962583730364,-22.802215750954204,-15.507199099306114,-21.480564018802585,-19.723007572736005,58573.51171875,17.12537472244524,-8.414464950561523,27.12964391234065
2019-01-24,98.3,11.089164352632904,-36.4382703206215,-6.808588283763917,-0.9950431489294532,2.5912536810940523,41.27311400411544,19.70960092594405,-22.460590088935007,1.2246467991473532e-16,-1.7999999999999972,-20.48787591923529,80.49993268599701,2.117683013761784,37.34223997687989,8.402702593603873,5.14313198261409,-20.963962926207525,6.790621481943249,8.141525754954927,-13.511241716544342,-0.1317809028064553,65458.0234375,-7.653571641918311,-12.11688232421875,12.340436248139008
2019-04-25,98.4,11.218075157835964,-9.887492223285289,18.962300441758597,2.5302870881406703,0.6545559146318158,36.05540193839817,10.01371560033828,-3.1486747199288234,-1.0,0.1000000000000085,21.45651099352581,54.10955351462004,0.5615080099424352,64.44930557784296,7.506698421309976,27.90596164822972,21.98887983885427,16.727043916269558,7.509097982625823,27.129657250280918,-0.1785101622499785,74464.3046875,-11.854044029257327,-3.7117202281951904,-0.2493854542288009
2019-07-25,98.2,11.205528023915118,8.496255532470842,18.08673702363215,1.8428785626206643,-0.7369328862962377,32.566381320478385,18.74063290039811,4.339731589964302,-2.4492935982947064e-16,-0.2000000000000028,-14.092928624035572,77.00008877082695,6.536354332442529,81.68698968850549,-1.2468746823011134,30.639068899157515,31.746286168522957,12.866977307355576,11.743410569834612,6.166224616916849,0.903497473549586,73535.828125,-16.86810212832145,4.555331707000732,25.94983205994952
2019-10-24,93.2,11.21557818872103,3.1959999786667748,16.68224794509756,-0.6033393407249066,-1.7374573008364869,33.667462549724185,-4.076742552793721,-14.660798204423308,1.0,-5.0,0.6263394191679872,51.46198945511535,10.059143911541968,84.16932388500658,3.0927406915852496,33.99347685076669,30.5057043227297,13.205979362801456,1.984432563908656,1.9108100697644348,23.010148052157756,74278.6015625,-13.802228476861366,8.140812873840332,4.3507550753813184
2020-01-23,99.3,11.436241148042424,44.197353735627566,31.2434207426866,-0.6428998885039894,-2.2991807373363926,27.73464781119378,5.446343040574386,-2.0785631419074746,1.2246467991473532e-16,6.099999999999994,-0.6789370373904369,62.96288682681753,19.513676303289994,94.03612541579396,28.381254401381284,6.148656834943054,28.403688182571194,14.724095925505695,12.385173528683646,26.589148627780368,49.32970226659306,92618.21875,1.211967006207182,13.558636665344238,-16.514725475500704
2020-04-23,89.1,11.25816586783303,45.773517988488365,6.658643355933158,5.813206289212647,-5.315054964389065,61.82126449366815,19.020169263339493,-70.51992202941616,-1.0,-10.200000000000005,-70.31840267186638,55.555543695835176,-17.404517541824948,47.375351198280654,-16.312057934066026,-13.06601103546451,12.8062771812788,-1.671679108695867,-7.056998052064878,7.439629806947279,3.06247115386713,77510.28125,6.166897607636046,10.103057861328123,0.8474783836618371
2020-07-23,78.1,11.255741781527217,60.41178220731516,19.20250011580677,-2.77331321595663,-10.586064673581452,31.59840653546805,-2.02138596453888,-26.11980647222164,-2.4492935982947064e-16,-11.0,148.90908905954072,33.333240827336624,9.25120493062228,37.22222569118397,-0.2421150581233377,-23.03499973595749,31.20941274589888,33.44010307156853,-2.217115777571688,-16.514679043641188,5.6833570278245205,77322.6171875,7.138054698781016,14.810066223144531,50.79946110511846
2020-10-22,80.4,11.266604641614816,86.91032351766599,68.70311697393588,-5.089957696947045,-6.183101854793705,32.55773000506956,2.4600083767102987,194.92017545116303,1.0,2.300000000000012,-3.0071648934242856,52.272677818448784,10.547923803208947,39.72216845329699,0.1201795107643288,-20.94028317564238,27.94570355401045,-4.355599645385655,2.6557243541975417,-0.7151403795916056,6.432424560679029,78167.140625,8.032532108582146,21.26045799255371,61.29776372669306
2021-01-28,80.7,11.666522174419942,27.83282461111942,65.12396531411714,-1.8373896127221512,-3.28150457766595,44.15272599550376,7.583312020994981,27.53411058717894,1.2246467991473532e-16,0.2999999999999971,39.98395562177628,32.95454566738546,45.43468001451754,78.4788605495051,49.889895414955234,-6.820565102374964,45.962123810844766,51.392552363765546,9.863434855228782,49.52915796253681,29.03294774330325,116602.0546875,9.025438760467752,20.47037696838379,-2.8455223271084296
2021-04-22,84.9,11.744687024346064,11.21745828463121,31.779742200808258,1.4328583885631518,1.0038210492383517,42.760654534023296,-3.6231888385407807,51.15649908405964,-1.0,4.200000000000003,17.52439213160859,31.818375927502004,-4.647257624774026,79.98121804281168,3.50194597447675,-2.858541152831707,72.99621475285004,13.634245509797015,-1.7664685207738673,61.29783594729004,60.144329991023525,126081.90625,17.906821715649013,26.0770263671875,-19.924788455914065
2021-07-22,85.5,11.637654184531938,42.97359276649906,-9.053770501458311,2.960570981719224,8.958396565691418,30.26721556523155,-2.0491939764071487,37.57414010396967,-2.4492935982947064e-16,0.5999999999999943,17.06007375039944,42.85719331320398,-2.8484474702858864,62.54550335187496,-10.15038339412797,-10.768767016867995,28.55075752317997,13.126775248485224,-3.9967853903267847,-7.003898362315852,45.09965793368893,113284.109375,26.278457360645668,18.474830627441406,-3.859716102357957
2021-10-28,72.8,11.522482695673617,63.327376760342766,-2.278674072231268,1.613265405032238,3.012497017200721,31.88167098940673,2.8985188747069124,29.67428244147312,1.0,-12.700000000000005,14.394250941843968,70.76928050897608,-10.30795808249585,39.74719051308795,-6.578949270815326,-18.24592525206352,22.575391044652918,7.018401269721952,2.348793327350096,-18.07692766077005,29.782700238246097,100960.3046875,21.291586502245277,13.777148246765137,4.334778156209573
2022-01-27,70.6,11.59829248292978,14.278208308227413,3.3480559317808467,2.852668061451258,2.2463731281071158,32.58793166149888,-8.819328607479493,20.879272527397408,1.2246467991473532e-16,-2.200000000000003,4.778607274672586,22.449016892017625,2.1711213712779065,41.03092419814417,13.189804331040156,-12.266147741777525,-14.659025291356386,-20.56150788389776,-4.413181743797789,-0.9589312622418688,-10.593277705965932,108911.671875,32.58572078572821,-2.919194221496582,-11.926163790697942
2022-04-28,59.4,11.564917417583022,-20.661592457339907,-17.183869338810798,5.219954996295684,3.054410401522168,37.183106356941245,-6.970809973002212,27.231015235572407,-1.0,-11.199999999999996,21.354527736346675,44.89793685941208,-11.139195352629985,45.4864808930849,-8.90089000521943,-14.6788990700792,-27.191908626455408,-8.439150882124268,-8.39665650006406,4.334794638889239,-14.525730712995744,105336.7265625,23.05427167607017,-14.61983871459961,-17.242916355598293
2022-07-28,50.0,11.4712979703406,-21.230877465406174,-23.895635658128565,3.1327921910785816,1.2217594016755706,33.585318446273284,4.631582069038864,11.057358336633817,-2.4492935982947064e-16,-9.4,-8.485195889917163,63.69042685453792,-3.8912207869453153,26.59228121261881,-8.937076122176935,3.2241856845754957,-12.466715861814205,-4.398785090453716,-1.7673749885662615,-17.04248681207866,-11.24036578080333,95922.703125,6.192418319861615,-26.13992691040039,-7.346321549320645
2022-10-27,58.6,11.37565682968877,-28.41325352308888,-31.733257642947443,7.764887870658543,2.462018715752601,31.84555482033613,10.163099962591884,-12.683782824738175,1.0,8.600000000000001,-8.410446355654189,50.23037637805812,-3.0601481670501585,18.05290755738553,-9.666255890237686,15.09916818238366,-14.01824488538339,-12.932177556922674,-1.9641213772833896,-16.480181689057936,-9.402153746972486,87173.6015625,-2.4655734519900108,-17.42283058166504,-0.6042808612339856
2023-01-26,59.8,11.39499636395932,19.83877707409578,11.953579509601632,-13.61945439338218,-0.8016099812473643,31.54583849634556,19.165581275104813,-14.708360420039202,1.2246467991473532e-16,1.1999999999999955,-7.848937821001267,83.76625985190643,8.078941993059562,29.15662629950985,-2.281694024392389,35.051294237718224,31.17949422267916,41.70083947573251,9.469028981315542,-8.36045262192684,-21.508349070946664,88875.90625,-17.850773279229525,-1.8459203243255613,36.49564020757525
2023-04-27,62.0,11.369595779041386,106.72126057702292,38.77323113507734,8.603318794428683,-0.3651222449396196,36.08381199278635,4.2194284730561415,-16.075437135691708,-1.0,2.200000000000003,-6.174696473521124,49.14285531276894,0.5790876824154578,37.83673188820575,-2.614631660321709,40.9050449552997,33.32452031047515,-5.511637158062033,0.7795771350656455,-0.6042719533875474,-16.984868526631203,86646.8359375,-19.548817046416644,3.745375394821167,35.83908998408138
2023-07-27,64.2,11.706118893111844,125.4483311654916,7.487103362401326,-4.683697791770303,-0.8893464531073647,38.73371144340112,10.023284439458743,0.5145532519384544,-2.4492935982947064e-16,2.200000000000003,7.129473046225487,71.03451390353686,11.54461754371534,99.99999999999794,40.0071230240934,25.74123536627826,6.644299891087568,12.86500970440594,14.875992269806517,36.3464524587999,25.709431294039664,121311.7421875,-6.10520574876211,15.813042640686035,11.328363054349722
2023-10-26,67.8,11.675896550042763,49.62717764500948,7.3216284673702114,6.165828877563806,-0.2672476942852109,33.890256966417724,4.347842348508224,11.991918797779988,1.0,3.5999999999999943,5.623255107665681,49.68155855317213,-3.9416040166101007,82.02935094745015,6.46768377128355,3.639632296772099,-2.932899458434246,-13.85200724303054,0.277261302387588,38.01498194246378,29.410444911823785,117700.265625,0.3517029418589112,19.546852111816406,42.70627159094189
2024-01-25,69.7,11.813432638411,34.91427718435496,17.341624902002483,-1.0233395738513895,0.8386591076755323,28.9522605821026,-2.06743749964593,-2.850680298081976,1.2246467991473532e-16,1.9000000000000057,-9.403910102697957,49.84614767573183,9.48658541345826,91.93142557772332,7.994660414160237,-18.202476221088435,27.0548418289819,49.36509445012467,3.1903595436362453,21.7347086729307,51.958348525981975,135054.359375,18.727186368633863,11.520066261291504,38.68723461930086
2024-04-25,79.4,12.031514903428963,97.81022605587664,57.21235832164051,3.5401390743679872,-0.557312624665296,47.86175960669362,0.8753986762652932,-2.1313967769448827,-1.0,9.700000000000005,8.02740309653216,35.05155313850794,3.4368840325111005,82.69694425406989,24.3689375539641,-38.27600341505051,55.38200738747698,4.0283260018032285,4.19903632364278,34.311811772102544,101.33282902437286,167965.671875,18.605265393377344,20.42391967773437,16.51866550484693
2024-07-25,68.2,12.14048390644007,82.24595873930242,38.50253999678384,0.4125038186589602,0.7734749239909133,44.04610215157791,-15.448523167466522,1.189242711590932,-2.4492935982947064e-16,-11.200000000000005,-6.3300238540685,18.918933391135766,5.843510082235337,60.4215718092575,11.512778420218496,-24.71047114213945,-0.3616728599574181,-4.220003368779146,-9.364606857520064,38.687257758131885,68.83052919833834,187303.1875,16.205825320903422,17.096059799194336,15.718234860230762
2024-10-24,70.1,12.184396116701707,76.25355574432558,49.87385343714108,-0.5221823923108992,-1.2004422838397089,60.83925960348739,21.42460512728641,-15.239699902488212,1.0,1.8999999999999917,-9.53730409298993,69.06943919062408,-30.58832786957848,66.10105357441005,-4.782152614458257,-15.854122379044512,-20.02780399156454,-18.404246990348582,11.697171013896536,10.556643667731436,57.36225946885276,195711.34375,23.68045304323976,13.906614303588867,-9.458755707444489
2025-01-23,74.0,12.28647185215041,20.10991868929406,33.179229896939134,4.192118487379082,-0.2741466217243804,50.53761448789129,29.422186320366773,-3.040535818253065,1.2246467991473532e-16,3.9000000000000057,5.440167141639707,71.80975080628299,-8.517501138727068,80.62507927803838,11.989800181568722,-4.953266674605896,-19.66660301457633,5.5533345307892334,19.43520287993168,7.251045073685747,56.61107036033186,216743.921875,15.875996833589422,20.84147453308105,23.79602656072366
2025-04-24,57.0,12.085031495478708,-24.18837764780728,-16.463864469464728,-0.5216504472937422,0.5802453773984029,51.8750311843102,-15.697391077849598,-10.542814173651491,-1.0,-17.0,-15.898743857959609,47.21826430027167,4.34065563788526,30.556515479149475,-18.79966247577669,2.729268559787922,-4.616227724588418,-7.623449159418449,-8.557119140545444,-9.458748478906198,0.0993688164801387,177199.5,18.677511876012588,10.695709228515623,169.24095440449886
2025-07-24,60.7,12.499936741710505,21.83989700845565,9.71163843444951,-3.696588192626782,0.5793208714095943,44.77977883956593,-3.231605129725157,-11.559073746995152,-2.4492935982947064e-16,3.700000000000003,5.16005385655014,49.34210308951363,19.21870890751036,79.4897864633248,51.4227255155912,-2.471686555109166,-0.4624830427675697,7.751930605212665,12.928362605632282,22.955764207038243,30.543698063316118,268320.3125,18.650696391814648,32.42390823364258,180.75398680984284
2025-10-23,55.1,13.075468029436305,77.37603083705847,85.4847842534466,3.668700375594147,1.8631698334008016,55.61351933578504,32.54846654572026,-0.7708359381848773,1.0,-5.600000000000001,-5.302680589230125,86.04059359077874,45.97973639080448,97.86735667414482,78.13795094280005,5.02975665142511,58.40254248866379,44.92894419532303,50.09092041351373,165.2246401346988,146.51034856914728,477093.625,28.06989161016129,65.60775756835938,156.6644544873137
2026-01-22,52.9,13.53224546627475,10.675143129033437,40.3620369591589,2.382680714385299,1.1629935222018384,54.03189674650692,30.172417051691845,-10.345867042501643,1.2246467991473532e-16,-2.200000000000003,1.470086513421465,72.67441331130273,55.2133651182261,98.49963577956017,56.91395413596842,-12.19389477657187,98.59101217611894,38.14910725792728,23.47023729169628,181.79962781687203,238.31448911355017,753320.0625,42.69196578025443,134.89016723632812,154.683778583157
2026-04-23,53.3,14.018067450710095,9.607994946837708,32.34761497346796,1.004602809737798,0.706549063542905,91.72662944408228,31.296904733248333,55.12218328845297,-1.0,0.3999999999999986,56.95103807613828,86.73681458779804,47.90576520529717,99.9999999999999,60.00788586468555,-24.01445390424184,37.22258105667103,2.2051261266058164,28.125912048781743,156.6644544873137,580.7373757676655,1224529.75,88.1258961447235,134.89016723632812,
